<?xml version="1.0" encoding="UTF-8"?>
<project-private xmlns="http://www.netbeans.org/ns/project-private/1">
    <editor-bookmarks xmlns="http://www.netbeans.org/ns/editor-bookmarks/2" lastBookmarkId="0"/>
    <open-files xmlns="http://www.netbeans.org/ns/projectui-open-files/2">
        <group>
            <file>file:/C:/Users/User/Documents/NetBeansProjects/PracticasProfesionalesConstruccion/src/controladoresdegrafica/MenuPrincipalCoordinadorController.java</file>
            <file>file:/C:/Users/User/Documents/NetBeansProjects/PracticasProfesionalesConstruccion/src/controladoresdegrafica/GestionOrganizacionVinculadaController.java</file>
            <file>file:/C:/Users/User/Documents/NetBeansProjects/PracticasProfesionalesConstruccion/src/accesoadatos/ConfiguracionDB.java</file>
            <file>file:/C:/Users/User/Documents/NetBeansProjects/PracticasProfesionalesConstruccion/src/grafica/FXMLGestionOrganizacionVinculada.fxml</file>
            <file>file:/C:/Users/User/Documents/NetBeansProjects/PracticasProfesionalesConstruccion/src/grafica/FXMLMenuPrincipalCoordinador.fxml</file>
        </group>
    </open-files>
</project-private>
